"filename", "language", "Markdown", "YAML", "Java", "Shell Script", "MS SQL", "Java Properties", "Docker", "JavaScript", "XML", "JSON", "PostCSS", "HTML", "comment", "blank", "total"
"/Users/tatsuyakondo/Documents/SALTO/cineTrack/.claude/settings.local.json", "JSON", 0, 0, 0, 0, 0, 0, 0, 0, 0, 63, 0, 0, 0, 0, 63
"/Users/tatsuyakondo/Documents/SALTO/cineTrack/CLAUDE.md", "Markdown", 76, 0, 0, 0, 0, 0, 0, 0, 0, 0, 0, 0, 0, 24, 100
"/Users/tatsuyakondo/Documents/SALTO/cineTrack/README.md", "Markdown", 83, 0, 0, 0, 0, 0, 0, 0, 0, 0, 0, 0, 0, 21, 104
"/Users/tatsuyakondo/Documents/SALTO/cineTrack/backend/.mvn/wrapper/maven-wrapper.properties", "Java Properties", 0, 0, 0, 0, 0, 2, 0, 0, 0, 0, 0, 0, 0, 0, 2
"/Users/tatsuyakondo/Documents/SALTO/cineTrack/backend/Dockerfile", "Docker", 0, 0, 0, 0, 0, 0, 10, 0, 0, 0, 0, 0, 5, 6, 21
"/Users/tatsuyakondo/Documents/SALTO/cineTrack/backend/pom.xml", "XML", 0, 0, 0, 0, 0, 0, 0, 0, 190, 0, 0, 0, 14, 15, 219
"/Users/tatsuyakondo/Documents/SALTO/cineTrack/backend/src/main/java/com/cinetrack/CineTrackApplication.java", "Java", 0, 0, 9, 0, 0, 0, 0, 0, 0, 0, 0, 0, 0, 3, 12
"/Users/tatsuyakondo/Documents/SALTO/cineTrack/backend/src/main/java/com/cinetrack/config/SecurityConfig.java", "Java", 0, 0, 78, 0, 0, 0, 0, 0, 0, 0, 0, 0, 0, 13, 91
"/Users/tatsuyakondo/Documents/SALTO/cineTrack/backend/src/main/java/com/cinetrack/config/WebClientConfig.java", "Java", 0, 0, 17, 0, 0, 0, 0, 0, 0, 0, 0, 0, 0, 4, 21
"/Users/tatsuyakondo/Documents/SALTO/cineTrack/backend/src/main/java/com/cinetrack/controller/AuthController.java", "Java", 0, 0, 90, 0, 0, 0, 0, 0, 0, 0, 0, 0, 2, 23, 115
"/Users/tatsuyakondo/Documents/SALTO/cineTrack/backend/src/main/java/com/cinetrack/controller/MovieController.java", "Java", 0, 0, 72, 0, 0, 0, 0, 0, 0, 0, 0, 0, 0, 14, 86
"/Users/tatsuyakondo/Documents/SALTO/cineTrack/backend/src/main/java/com/cinetrack/controller/SocialController.java", "Java", 0, 0, 142, 0, 0, 0, 0, 0, 0, 0, 0, 0, 27, 22, 191
"/Users/tatsuyakondo/Documents/SALTO/cineTrack/backend/src/main/java/com/cinetrack/controller/StatsController.java", "Java", 0, 0, 86, 0, 0, 0, 0, 0, 0, 0, 0, 0, 0, 20, 106
"/Users/tatsuyakondo/Documents/SALTO/cineTrack/backend/src/main/java/com/cinetrack/controller/TheaterController.java", "Java", 0, 0, 143, 0, 0, 0, 0, 0, 0, 0, 0, 0, 33, 17, 193
"/Users/tatsuyakondo/Documents/SALTO/cineTrack/backend/src/main/java/com/cinetrack/controller/UserController.java", "Java", 0, 0, 48, 0, 0, 0, 0, 0, 0, 0, 0, 0, 6, 12, 66
"/Users/tatsuyakondo/Documents/SALTO/cineTrack/backend/src/main/java/com/cinetrack/controller/ViewingRecordController.java", "Java", 0, 0, 182, 0, 0, 0, 0, 0, 0, 0, 0, 0, 1, 36, 219
"/Users/tatsuyakondo/Documents/SALTO/cineTrack/backend/src/main/java/com/cinetrack/controller/WishlistController.java", "Java", 0, 0, 115, 0, 0, 0, 0, 0, 0, 0, 0, 0, 18, 19, 152
"/Users/tatsuyakondo/Documents/SALTO/cineTrack/backend/src/main/java/com/cinetrack/dto/ActivityDto.java", "Java", 0, 0, 108, 0, 0, 0, 0, 0, 0, 0, 0, 0, 2, 33, 143
"/Users/tatsuyakondo/Documents/SALTO/cineTrack/backend/src/main/java/com/cinetrack/dto/ApiResponse.java", "Java", 0, 0, 43, 0, 0, 0, 0, 0, 0, 0, 0, 0, 0, 14, 57
"/Users/tatsuyakondo/Documents/SALTO/cineTrack/backend/src/main/java/com/cinetrack/dto/AuthResponse.java", "Java", 0, 0, 37, 0, 0, 0, 0, 0, 0, 0, 0, 0, 0, 12, 49
"/Users/tatsuyakondo/Documents/SALTO/cineTrack/backend/src/main/java/com/cinetrack/dto/LoginRequest.java", "Java", 0, 0, 27, 0, 0, 0, 0, 0, 0, 0, 0, 0, 0, 10, 37
"/Users/tatsuyakondo/Documents/SALTO/cineTrack/backend/src/main/java/com/cinetrack/dto/RegisterRequest.java", "Java", 0, 0, 39, 0, 0, 0, 0, 0, 0, 0, 0, 0, 0, 13, 52
"/Users/tatsuyakondo/Documents/SALTO/cineTrack/backend/src/main/java/com/cinetrack/dto/StatsDto.java", "Java", 0, 0, 73, 0, 0, 0, 0, 0, 0, 0, 0, 0, 0, 17, 90
"/Users/tatsuyakondo/Documents/SALTO/cineTrack/backend/src/main/java/com/cinetrack/dto/TheaterDto.java", "Java", 0, 0, 140, 0, 0, 0, 0, 0, 0, 0, 0, 0, 5, 34, 179
"/Users/tatsuyakondo/Documents/SALTO/cineTrack/backend/src/main/java/com/cinetrack/dto/UserDto.java", "Java", 0, 0, 118, 0, 0, 0, 0, 0, 0, 0, 0, 0, 4, 40, 162
"/Users/tatsuyakondo/Documents/SALTO/cineTrack/backend/src/main/java/com/cinetrack/dto/UserUpdateRequest.java", "Java", 0, 0, 60, 0, 0, 0, 0, 0, 0, 0, 0, 0, 2, 24, 86
"/Users/tatsuyakondo/Documents/SALTO/cineTrack/backend/src/main/java/com/cinetrack/dto/ViewingRecordCreateRequest.java", "Java", 0, 0, 79, 0, 0, 0, 0, 0, 0, 0, 0, 0, 2, 30, 111
"/Users/tatsuyakondo/Documents/SALTO/cineTrack/backend/src/main/java/com/cinetrack/dto/ViewingRecordDto.java", "Java", 0, 0, 127, 0, 0, 0, 0, 0, 0, 0, 0, 0, 3, 43, 173
"/Users/tatsuyakondo/Documents/SALTO/cineTrack/backend/src/main/java/com/cinetrack/dto/ViewingRecordUpdateRequest.java", "Java", 0, 0, 55, 0, 0, 0, 0, 0, 0, 0, 0, 0, 2, 21, 78
"/Users/tatsuyakondo/Documents/SALTO/cineTrack/backend/src/main/java/com/cinetrack/dto/WishlistDto.java", "Java", 0, 0, 73, 0, 0, 0, 0, 0, 0, 0, 0, 0, 1, 20, 94
"/Users/tatsuyakondo/Documents/SALTO/cineTrack/backend/src/main/java/com/cinetrack/dto/tmdb/TmdbGenreDto.java", "Java", 0, 0, 22, 0, 0, 0, 0, 0, 0, 0, 0, 0, 0, 8, 30
"/Users/tatsuyakondo/Documents/SALTO/cineTrack/backend/src/main/java/com/cinetrack/dto/tmdb/TmdbMovieDto.java", "Java", 0, 0, 128, 0, 0, 0, 0, 0, 0, 0, 0, 0, 2, 52, 182
"/Users/tatsuyakondo/Documents/SALTO/cineTrack/backend/src/main/java/com/cinetrack/dto/tmdb/TmdbMovieListResponse.java", "Java", 0, 0, 36, 0, 0, 0, 0, 0, 0, 0, 0, 0, 0, 16, 52
"/Users/tatsuyakondo/Documents/SALTO/cineTrack/backend/src/main/java/com/cinetrack/dto/tmdb/TmdbProductionCompanyDto.java", "Java", 0, 0, 35, 0, 0, 0, 0, 0, 0, 0, 0, 0, 0, 14, 49
"/Users/tatsuyakondo/Documents/SALTO/cineTrack/backend/src/main/java/com/cinetrack/entity/Follow.java", "Java", 0, 0, 71, 0, 0, 0, 0, 0, 0, 0, 0, 0, 3, 21, 95
"/Users/tatsuyakondo/Documents/SALTO/cineTrack/backend/src/main/java/com/cinetrack/entity/Theater.java", "Java", 0, 0, 155, 0, 0, 0, 0, 0, 0, 0, 0, 0, 3, 50, 208
"/Users/tatsuyakondo/Documents/SALTO/cineTrack/backend/src/main/java/com/cinetrack/entity/User.java", "Java", 0, 0, 131, 0, 0, 0, 0, 0, 0, 0, 0, 0, 2, 40, 173
"/Users/tatsuyakondo/Documents/SALTO/cineTrack/backend/src/main/java/com/cinetrack/entity/ViewingRecord.java", "Java", 0, 0, 146, 0, 0, 0, 0, 0, 0, 0, 0, 0, 1, 46, 193
"/Users/tatsuyakondo/Documents/SALTO/cineTrack/backend/src/main/java/com/cinetrack/entity/Wishlist.java", "Java", 0, 0, 117, 0, 0, 0, 0, 0, 0, 0, 0, 0, 1, 37, 155
"/Users/tatsuyakondo/Documents/SALTO/cineTrack/backend/src/main/java/com/cinetrack/repository/FollowRepository.java", "Java", 0, 0, 29, 0, 0, 0, 0, 0, 0, 0, 0, 0, 9, 12, 50
"/Users/tatsuyakondo/Documents/SALTO/cineTrack/backend/src/main/java/com/cinetrack/repository/TheaterRepository.java", "Java", 0, 0, 47, 0, 0, 0, 0, 0, 0, 0, 0, 0, 11, 14, 72
"/Users/tatsuyakondo/Documents/SALTO/cineTrack/backend/src/main/java/com/cinetrack/repository/UserRepository.java", "Java", 0, 0, 17, 0, 0, 0, 0, 0, 0, 0, 0, 0, 1, 9, 27
"/Users/tatsuyakondo/Documents/SALTO/cineTrack/backend/src/main/java/com/cinetrack/repository/ViewingRecordRepository.java", "Java", 0, 0, 29, 0, 0, 0, 0, 0, 0, 0, 0, 0, 0, 13, 42
"/Users/tatsuyakondo/Documents/SALTO/cineTrack/backend/src/main/java/com/cinetrack/repository/WishlistRepository.java", "Java", 0, 0, 20, 0, 0, 0, 0, 0, 0, 0, 0, 0, 21, 10, 51
"/Users/tatsuyakondo/Documents/SALTO/cineTrack/backend/src/main/java/com/cinetrack/security/JwtAuthenticationFilter.java", "Java", 0, 0, 59, 0, 0, 0, 0, 0, 0, 0, 0, 0, 0, 12, 71
"/Users/tatsuyakondo/Documents/SALTO/cineTrack/backend/src/main/java/com/cinetrack/security/JwtUtil.java", "Java", 0, 0, 70, 0, 0, 0, 0, 0, 0, 0, 0, 0, 0, 16, 86
"/Users/tatsuyakondo/Documents/SALTO/cineTrack/backend/src/main/java/com/cinetrack/service/SocialService.java", "Java", 0, 0, 214, 0, 0, 0, 0, 0, 0, 0, 0, 0, 43, 55, 312
"/Users/tatsuyakondo/Documents/SALTO/cineTrack/backend/src/main/java/com/cinetrack/service/StatsService.java", "Java", 0, 0, 124, 0, 0, 0, 0, 0, 0, 0, 0, 0, 8, 29, 161
"/Users/tatsuyakondo/Documents/SALTO/cineTrack/backend/src/main/java/com/cinetrack/service/TheaterService.java", "Java", 0, 0, 195, 0, 0, 0, 0, 0, 0, 0, 0, 0, 52, 35, 282
"/Users/tatsuyakondo/Documents/SALTO/cineTrack/backend/src/main/java/com/cinetrack/service/TmdbService.java", "Java", 0, 0, 161, 0, 0, 0, 0, 0, 0, 0, 0, 0, 7, 24, 192
"/Users/tatsuyakondo/Documents/SALTO/cineTrack/backend/src/main/java/com/cinetrack/service/UserService.java", "Java", 0, 0, 84, 0, 0, 0, 0, 0, 0, 0, 0, 0, 4, 24, 112
"/Users/tatsuyakondo/Documents/SALTO/cineTrack/backend/src/main/java/com/cinetrack/service/ViewingRecordService.java", "Java", 0, 0, 203, 0, 0, 0, 0, 0, 0, 0, 0, 0, 5, 63, 271
"/Users/tatsuyakondo/Documents/SALTO/cineTrack/backend/src/main/java/com/cinetrack/service/WishlistService.java", "Java", 0, 0, 64, 0, 0, 0, 0, 0, 0, 0, 0, 0, 22, 15, 101
"/Users/tatsuyakondo/Documents/SALTO/cineTrack/backend/src/main/resources/application.yml", "YAML", 0, 42, 0, 0, 0, 0, 0, 0, 0, 0, 0, 0, 3, 8, 53
"/Users/tatsuyakondo/Documents/SALTO/cineTrack/backend/src/main/resources/db/migration/V3__add_theater_id_to_viewing_records.sql", "MS SQL", 0, 0, 0, 0, 3, 0, 0, 0, 0, 0, 0, 0, 2, 1, 6
"/Users/tatsuyakondo/Documents/SALTO/cineTrack/backend/src/main/resources/db/migration/V4__add_user_profile_fields.sql", "MS SQL", 0, 0, 0, 0, 4, 0, 0, 0, 0, 0, 0, 0, 1, 0, 5
"/Users/tatsuyakondo/Documents/SALTO/cineTrack/backend/src/test/java/com/cinetrack/config/TestSecurityConfig.java", "Java", 0, 0, 35, 0, 0, 0, 0, 0, 0, 0, 0, 0, 0, 7, 42
"/Users/tatsuyakondo/Documents/SALTO/cineTrack/backend/src/test/java/com/cinetrack/config/TestUserDetails.java", "Java", 0, 0, 39, 0, 0, 0, 0, 0, 0, 0, 0, 0, 0, 11, 50
"/Users/tatsuyakondo/Documents/SALTO/cineTrack/backend/src/test/java/com/cinetrack/config/TestUserDetailsArgumentResolver.java", "Java", 0, 0, 20, 0, 0, 0, 0, 0, 0, 0, 0, 0, 0, 4, 24
"/Users/tatsuyakondo/Documents/SALTO/cineTrack/backend/src/test/java/com/cinetrack/config/TestUserDetailsConfig.java", "Java", 0, 0, 18, 0, 0, 0, 0, 0, 0, 0, 0, 0, 0, 5, 23
"/Users/tatsuyakondo/Documents/SALTO/cineTrack/backend/src/test/java/com/cinetrack/controller/AuthControllerIntegrationTest.java", "Java", 0, 0, 110, 0, 0, 0, 0, 0, 0, 0, 0, 0, 13, 26, 149
"/Users/tatsuyakondo/Documents/SALTO/cineTrack/backend/src/test/java/com/cinetrack/controller/AuthControllerTest.java", "Java", 0, 0, 200, 0, 0, 0, 0, 0, 0, 0, 0, 0, 24, 43, 267
"/Users/tatsuyakondo/Documents/SALTO/cineTrack/backend/src/test/java/com/cinetrack/controller/MovieControllerTest.java", "Java", 0, 0, 213, 0, 0, 0, 0, 0, 0, 0, 0, 0, 23, 45, 281
"/Users/tatsuyakondo/Documents/SALTO/cineTrack/backend/src/test/java/com/cinetrack/controller/SocialControllerTest.java", "Java", 0, 0, 321, 0, 0, 0, 0, 0, 0, 0, 0, 0, 44, 76, 441
"/Users/tatsuyakondo/Documents/SALTO/cineTrack/backend/src/test/java/com/cinetrack/controller/StatsControllerTest.java", "Java", 0, 0, 275, 0, 0, 0, 0, 0, 0, 0, 0, 0, 32, 56, 363
"/Users/tatsuyakondo/Documents/SALTO/cineTrack/backend/src/test/java/com/cinetrack/controller/TheaterControllerTest.java", "Java", 0, 0, 364, 0, 0, 0, 0, 0, 0, 0, 0, 0, 54, 96, 514
"/Users/tatsuyakondo/Documents/SALTO/cineTrack/backend/src/test/java/com/cinetrack/controller/UserControllerTest.java", "Java", 0, 0, 250, 0, 0, 0, 0, 0, 0, 0, 0, 0, 26, 48, 324
"/Users/tatsuyakondo/Documents/SALTO/cineTrack/backend/src/test/java/com/cinetrack/controller/ViewingRecordControllerTest.java", "Java", 0, 0, 530, 0, 0, 0, 0, 0, 0, 0, 0, 0, 12, 96, 638
"/Users/tatsuyakondo/Documents/SALTO/cineTrack/backend/src/test/java/com/cinetrack/controller/WishlistControllerTest.java", "Java", 0, 0, 393, 0, 0, 0, 0, 0, 0, 0, 0, 0, 42, 80, 515
"/Users/tatsuyakondo/Documents/SALTO/cineTrack/backend/src/test/java/com/cinetrack/dto/ActivityDtoTest.java", "Java", 0, 0, 67, 0, 0, 0, 0, 0, 0, 0, 0, 0, 0, 11, 78
"/Users/tatsuyakondo/Documents/SALTO/cineTrack/backend/src/test/java/com/cinetrack/dto/ApiResponseTest.java", "Java", 0, 0, 59, 0, 0, 0, 0, 0, 0, 0, 0, 0, 0, 18, 77
"/Users/tatsuyakondo/Documents/SALTO/cineTrack/backend/src/test/java/com/cinetrack/dto/AuthResponseTest.java", "Java", 0, 0, 33, 0, 0, 0, 0, 0, 0, 0, 0, 0, 0, 10, 43
"/Users/tatsuyakondo/Documents/SALTO/cineTrack/backend/src/test/java/com/cinetrack/dto/LoginRequestTest.java", "Java", 0, 0, 25, 0, 0, 0, 0, 0, 0, 0, 0, 0, 0, 10, 35
"/Users/tatsuyakondo/Documents/SALTO/cineTrack/backend/src/test/java/com/cinetrack/dto/RegisterRequestTest.java", "Java", 0, 0, 29, 0, 0, 0, 0, 0, 0, 0, 0, 0, 0, 10, 39
"/Users/tatsuyakondo/Documents/SALTO/cineTrack/backend/src/test/java/com/cinetrack/dto/StatsDtoTest.java", "Java", 0, 0, 101, 0, 0, 0, 0, 0, 0, 0, 0, 0, 0, 20, 121
"/Users/tatsuyakondo/Documents/SALTO/cineTrack/backend/src/test/java/com/cinetrack/dto/TheaterDtoTest.java", "Java", 0, 0, 106, 0, 0, 0, 0, 0, 0, 0, 0, 0, 7, 20, 133
"/Users/tatsuyakondo/Documents/SALTO/cineTrack/backend/src/test/java/com/cinetrack/dto/UserDtoTest.java", "Java", 0, 0, 67, 0, 0, 0, 0, 0, 0, 0, 0, 0, 0, 11, 78
"/Users/tatsuyakondo/Documents/SALTO/cineTrack/backend/src/test/java/com/cinetrack/dto/UserUpdateRequestTest.java", "Java", 0, 0, 34, 0, 0, 0, 0, 0, 0, 0, 0, 0, 0, 8, 42
"/Users/tatsuyakondo/Documents/SALTO/cineTrack/backend/src/test/java/com/cinetrack/dto/ViewingRecordCreateRequestTest.java", "Java", 0, 0, 42, 0, 0, 0, 0, 0, 0, 0, 0, 0, 0, 9, 51
"/Users/tatsuyakondo/Documents/SALTO/cineTrack/backend/src/test/java/com/cinetrack/dto/ViewingRecordDtoTest.java", "Java", 0, 0, 75, 0, 0, 0, 0, 0, 0, 0, 0, 0, 0, 11, 86
"/Users/tatsuyakondo/Documents/SALTO/cineTrack/backend/src/test/java/com/cinetrack/dto/ViewingRecordUpdateRequestTest.java", "Java", 0, 0, 33, 0, 0, 0, 0, 0, 0, 0, 0, 0, 0, 9, 42
"/Users/tatsuyakondo/Documents/SALTO/cineTrack/backend/src/test/java/com/cinetrack/dto/WishlistDtoTest.java", "Java", 0, 0, 53, 0, 0, 0, 0, 0, 0, 0, 0, 0, 0, 11, 64
"/Users/tatsuyakondo/Documents/SALTO/cineTrack/backend/src/test/java/com/cinetrack/dto/tmdb/TmdbGenreDtoTest.java", "Java", 0, 0, 25, 0, 0, 0, 0, 0, 0, 0, 0, 0, 0, 10, 35
"/Users/tatsuyakondo/Documents/SALTO/cineTrack/backend/src/test/java/com/cinetrack/dto/tmdb/TmdbMovieDtoTest.java", "Java", 0, 0, 65, 0, 0, 0, 0, 0, 0, 0, 0, 0, 0, 10, 75
"/Users/tatsuyakondo/Documents/SALTO/cineTrack/backend/src/test/java/com/cinetrack/dto/tmdb/TmdbMovieListResponseTest.java", "Java", 0, 0, 30, 0, 0, 0, 0, 0, 0, 0, 0, 0, 0, 10, 40
"/Users/tatsuyakondo/Documents/SALTO/cineTrack/backend/src/test/java/com/cinetrack/dto/tmdb/TmdbProductionCompanyDtoTest.java", "Java", 0, 0, 25, 0, 0, 0, 0, 0, 0, 0, 0, 0, 0, 8, 33
"/Users/tatsuyakondo/Documents/SALTO/cineTrack/backend/src/test/java/com/cinetrack/entity/FollowTest.java", "Java", 0, 0, 98, 0, 0, 0, 0, 0, 0, 0, 0, 0, 10, 35, 143
"/Users/tatsuyakondo/Documents/SALTO/cineTrack/backend/src/test/java/com/cinetrack/entity/TheaterTest.java", "Java", 0, 0, 111, 0, 0, 0, 0, 0, 0, 0, 0, 0, 7, 27, 145
"/Users/tatsuyakondo/Documents/SALTO/cineTrack/backend/src/test/java/com/cinetrack/entity/UserTest.java", "Java", 0, 0, 85, 0, 0, 0, 0, 0, 0, 0, 0, 0, 2, 20, 107
"/Users/tatsuyakondo/Documents/SALTO/cineTrack/backend/src/test/java/com/cinetrack/entity/ViewingRecordTest.java", "Java", 0, 0, 90, 0, 0, 0, 0, 0, 0, 0, 0, 0, 1, 18, 109
"/Users/tatsuyakondo/Documents/SALTO/cineTrack/backend/src/test/java/com/cinetrack/entity/WishlistTest.java", "Java", 0, 0, 85, 0, 0, 0, 0, 0, 0, 0, 0, 0, 1, 18, 104
"/Users/tatsuyakondo/Documents/SALTO/cineTrack/backend/src/test/java/com/cinetrack/security/JwtAuthenticationFilterTest.java", "Java", 0, 0, 195, 0, 0, 0, 0, 0, 0, 0, 0, 0, 38, 67, 300
"/Users/tatsuyakondo/Documents/SALTO/cineTrack/backend/src/test/java/com/cinetrack/security/JwtUtilTest.java", "Java", 0, 0, 177, 0, 0, 0, 0, 0, 0, 0, 0, 0, 51, 59, 287
"/Users/tatsuyakondo/Documents/SALTO/cineTrack/backend/src/test/java/com/cinetrack/service/SocialServiceTest.java", "Java", 0, 0, 451, 0, 0, 0, 0, 0, 0, 0, 0, 0, 72, 100, 623
"/Users/tatsuyakondo/Documents/SALTO/cineTrack/backend/src/test/java/com/cinetrack/service/StatsServiceTest.java", "Java", 0, 0, 170, 0, 0, 0, 0, 0, 0, 0, 0, 0, 31, 52, 253
"/Users/tatsuyakondo/Documents/SALTO/cineTrack/backend/src/test/java/com/cinetrack/service/TheaterServiceTest.java", "Java", 0, 0, 453, 0, 0, 0, 0, 0, 0, 0, 0, 0, 100, 114, 667
"/Users/tatsuyakondo/Documents/SALTO/cineTrack/backend/src/test/java/com/cinetrack/service/TmdbServiceTest.java", "Java", 0, 0, 421, 0, 0, 0, 0, 0, 0, 0, 0, 0, 95, 146, 662
"/Users/tatsuyakondo/Documents/SALTO/cineTrack/backend/src/test/java/com/cinetrack/service/UserServiceTest.java", "Java", 0, 0, 313, 0, 0, 0, 0, 0, 0, 0, 0, 0, 61, 82, 456
"/Users/tatsuyakondo/Documents/SALTO/cineTrack/backend/src/test/java/com/cinetrack/service/ViewingRecordServiceTest.java", "Java", 0, 0, 609, 0, 0, 0, 0, 0, 0, 0, 0, 0, 125, 151, 885
"/Users/tatsuyakondo/Documents/SALTO/cineTrack/backend/src/test/java/com/cinetrack/service/WishlistServiceTest.java", "Java", 0, 0, 189, 0, 0, 0, 0, 0, 0, 0, 0, 0, 34, 51, 274
"/Users/tatsuyakondo/Documents/SALTO/cineTrack/backend/src/test/resources/application-test.yml", "YAML", 0, 38, 0, 0, 0, 0, 0, 0, 0, 0, 0, 0, 3, 8, 49
"/Users/tatsuyakondo/Documents/SALTO/cineTrack/docker-compose.yml", "YAML", 0, 60, 0, 0, 0, 0, 0, 0, 0, 0, 0, 0, 3, 5, 68
"/Users/tatsuyakondo/Documents/SALTO/cineTrack/frontend/README.md", "Markdown", 38, 0, 0, 0, 0, 0, 0, 0, 0, 0, 0, 0, 0, 33, 71
"/Users/tatsuyakondo/Documents/SALTO/cineTrack/frontend/package-lock.json", "JSON", 0, 0, 0, 0, 0, 0, 0, 0, 0, 18536, 0, 0, 0, 1, 18537
"/Users/tatsuyakondo/Documents/SALTO/cineTrack/frontend/package.json", "JSON", 0, 0, 0, 0, 0, 0, 0, 0, 0, 46, 0, 0, 0, 1, 47
"/Users/tatsuyakondo/Documents/SALTO/cineTrack/frontend/public/index.html", "HTML", 0, 0, 0, 0, 0, 0, 0, 0, 0, 0, 0, 20, 23, 1, 44
"/Users/tatsuyakondo/Documents/SALTO/cineTrack/frontend/public/manifest.json", "JSON", 0, 0, 0, 0, 0, 0, 0, 0, 0, 25, 0, 0, 0, 1, 26
"/Users/tatsuyakondo/Documents/SALTO/cineTrack/frontend/src/App.css", "PostCSS", 0, 0, 0, 0, 0, 0, 0, 0, 0, 0, 33, 0, 0, 6, 39
"/Users/tatsuyakondo/Documents/SALTO/cineTrack/frontend/src/App.js", "JavaScript", 0, 0, 0, 0, 0, 0, 0, 178, 0, 0, 0, 0, 0, 3, 181
"/Users/tatsuyakondo/Documents/SALTO/cineTrack/frontend/src/App.test.js", "JavaScript", 0, 0, 0, 0, 0, 0, 0, 40, 0, 0, 0, 0, 6, 7, 53
"/Users/tatsuyakondo/Documents/SALTO/cineTrack/frontend/src/__mocks__/axios.js", "JavaScript", 0, 0, 0, 0, 0, 0, 0, 11, 0, 0, 0, 0, 0, 0, 11
"/Users/tatsuyakondo/Documents/SALTO/cineTrack/frontend/src/__mocks__/react-router-dom.js", "JavaScript", 0, 0, 0, 0, 0, 0, 0, 35, 0, 0, 0, 0, 0, 2, 37
"/Users/tatsuyakondo/Documents/SALTO/cineTrack/frontend/src/components/TheaterSearch.js", "JavaScript", 0, 0, 0, 0, 0, 0, 0, 446, 0, 0, 0, 0, 7, 38, 491
"/Users/tatsuyakondo/Documents/SALTO/cineTrack/frontend/src/components/auth/ProtectedRoute.js", "JavaScript", 0, 0, 0, 0, 0, 0, 0, 21, 0, 0, 0, 0, 0, 4, 25
"/Users/tatsuyakondo/Documents/SALTO/cineTrack/frontend/src/components/auth/ProtectedRoute.test.js", "JavaScript", 0, 0, 0, 0, 0, 0, 0, 83, 0, 0, 0, 0, 6, 23, 112
"/Users/tatsuyakondo/Documents/SALTO/cineTrack/frontend/src/components/layout/Navbar.js", "JavaScript", 0, 0, 0, 0, 0, 0, 0, 386, 0, 0, 0, 0, 0, 16, 402
"/Users/tatsuyakondo/Documents/SALTO/cineTrack/frontend/src/components/layout/Navbar.test.js", "JavaScript", 0, 0, 0, 0, 0, 0, 0, 59, 0, 0, 0, 0, 4, 12, 75
"/Users/tatsuyakondo/Documents/SALTO/cineTrack/frontend/src/context/AuthContext.js", "JavaScript", 0, 0, 0, 0, 0, 0, 0, 91, 0, 0, 0, 0, 2, 16, 109
"/Users/tatsuyakondo/Documents/SALTO/cineTrack/frontend/src/context/AuthContext.test.js", "JavaScript", 0, 0, 0, 0, 0, 0, 0, 113, 0, 0, 0, 0, 11, 29, 153
"/Users/tatsuyakondo/Documents/SALTO/cineTrack/frontend/src/index.css", "PostCSS", 0, 0, 0, 0, 0, 0, 0, 0, 0, 0, 12, 0, 0, 2, 14
"/Users/tatsuyakondo/Documents/SALTO/cineTrack/frontend/src/index.js", "JavaScript", 0, 0, 0, 0, 0, 0, 0, 12, 0, 0, 0, 0, 3, 3, 18
"/Users/tatsuyakondo/Documents/SALTO/cineTrack/frontend/src/index.test.js", "JavaScript", 0, 0, 0, 0, 0, 0, 0, 29, 0, 0, 0, 0, 8, 11, 48
"/Users/tatsuyakondo/Documents/SALTO/cineTrack/frontend/src/logo.svg", "XML", 0, 0, 0, 0, 0, 0, 0, 0, 1, 0, 0, 0, 0, 0, 1
"/Users/tatsuyakondo/Documents/SALTO/cineTrack/frontend/src/pages/ActivityFeed.js", "JavaScript", 0, 0, 0, 0, 0, 0, 0, 334, 0, 0, 0, 0, 1, 25, 360
"/Users/tatsuyakondo/Documents/SALTO/cineTrack/frontend/src/pages/Dashboard.js", "JavaScript", 0, 0, 0, 0, 0, 0, 0, 334, 0, 0, 0, 0, 2, 22, 358
"/Users/tatsuyakondo/Documents/SALTO/cineTrack/frontend/src/pages/Dashboard.test.js", "JavaScript", 0, 0, 0, 0, 0, 0, 0, 303, 0, 0, 0, 0, 9, 71, 383
"/Users/tatsuyakondo/Documents/SALTO/cineTrack/frontend/src/pages/FollowManagement.js", "JavaScript", 0, 0, 0, 0, 0, 0, 0, 378, 0, 0, 0, 0, 3, 28, 409
"/Users/tatsuyakondo/Documents/SALTO/cineTrack/frontend/src/pages/Home.js", "JavaScript", 0, 0, 0, 0, 0, 0, 0, 430, 0, 0, 0, 0, 0, 22, 452
"/Users/tatsuyakondo/Documents/SALTO/cineTrack/frontend/src/pages/Home.test.js", "JavaScript", 0, 0, 0, 0, 0, 0, 0, 171, 0, 0, 0, 0, 5, 38, 214
"/Users/tatsuyakondo/Documents/SALTO/cineTrack/frontend/src/pages/Login.js", "JavaScript", 0, 0, 0, 0, 0, 0, 0, 117, 0, 0, 0, 0, 0, 10, 127
"/Users/tatsuyakondo/Documents/SALTO/cineTrack/frontend/src/pages/Login.test.js", "JavaScript", 0, 0, 0, 0, 0, 0, 0, 122, 0, 0, 0, 0, 8, 43, 173
"/Users/tatsuyakondo/Documents/SALTO/cineTrack/frontend/src/pages/Movies.js", "JavaScript", 0, 0, 0, 0, 0, 0, 0, 790, 0, 0, 0, 0, 4, 54, 848
"/Users/tatsuyakondo/Documents/SALTO/cineTrack/frontend/src/pages/Movies.test.js", "JavaScript", 0, 0, 0, 0, 0, 0, 0, 324, 0, 0, 0, 0, 23, 105, 452
"/Users/tatsuyakondo/Documents/SALTO/cineTrack/frontend/src/pages/ProfileEdit.js", "JavaScript", 0, 0, 0, 0, 0, 0, 0, 398, 0, 0, 0, 0, 3, 38, 439
"/Users/tatsuyakondo/Documents/SALTO/cineTrack/frontend/src/pages/Register.js", "JavaScript", 0, 0, 0, 0, 0, 0, 0, 162, 0, 0, 0, 0, 0, 13, 175
"/Users/tatsuyakondo/Documents/SALTO/cineTrack/frontend/src/pages/Register.test.js", "JavaScript", 0, 0, 0, 0, 0, 0, 0, 175, 0, 0, 0, 0, 11, 63, 249
"/Users/tatsuyakondo/Documents/SALTO/cineTrack/frontend/src/pages/Statistics.js", "JavaScript", 0, 0, 0, 0, 0, 0, 0, 464, 0, 0, 0, 0, 4, 27, 495
"/Users/tatsuyakondo/Documents/SALTO/cineTrack/frontend/src/pages/Statistics.test.js", "JavaScript", 0, 0, 0, 0, 0, 0, 0, 72, 0, 0, 0, 0, 6, 16, 94
"/Users/tatsuyakondo/Documents/SALTO/cineTrack/frontend/src/pages/Theaters.js", "JavaScript", 0, 0, 0, 0, 0, 0, 0, 403, 0, 0, 0, 0, 4, 41, 448
"/Users/tatsuyakondo/Documents/SALTO/cineTrack/frontend/src/pages/UserProfile.js", "JavaScript", 0, 0, 0, 0, 0, 0, 0, 375, 0, 0, 0, 0, 0, 34, 409
"/Users/tatsuyakondo/Documents/SALTO/cineTrack/frontend/src/pages/UserSearch.js", "JavaScript", 0, 0, 0, 0, 0, 0, 0, 258, 0, 0, 0, 0, 1, 22, 281
"/Users/tatsuyakondo/Documents/SALTO/cineTrack/frontend/src/pages/UserViewingRecords.js", "JavaScript", 0, 0, 0, 0, 0, 0, 0, 263, 0, 0, 0, 0, 0, 21, 284
"/Users/tatsuyakondo/Documents/SALTO/cineTrack/frontend/src/pages/ViewingRecords.js", "JavaScript", 0, 0, 0, 0, 0, 0, 0, 464, 0, 0, 0, 0, 0, 43, 507
"/Users/tatsuyakondo/Documents/SALTO/cineTrack/frontend/src/pages/ViewingRecords.test.js", "JavaScript", 0, 0, 0, 0, 0, 0, 0, 355, 0, 0, 0, 0, 19, 102, 476
"/Users/tatsuyakondo/Documents/SALTO/cineTrack/frontend/src/pages/Wishlist.js", "JavaScript", 0, 0, 0, 0, 0, 0, 0, 687, 0, 0, 0, 0, 1, 42, 730
"/Users/tatsuyakondo/Documents/SALTO/cineTrack/frontend/src/reportWebVitals.js", "JavaScript", 0, 0, 0, 0, 0, 0, 0, 12, 0, 0, 0, 0, 0, 2, 14
"/Users/tatsuyakondo/Documents/SALTO/cineTrack/frontend/src/reportWebVitals.test.js", "JavaScript", 0, 0, 0, 0, 0, 0, 0, 73, 0, 0, 0, 0, 5, 22, 100
"/Users/tatsuyakondo/Documents/SALTO/cineTrack/frontend/src/setupTests.js", "JavaScript", 0, 0, 0, 0, 0, 0, 0, 24, 0, 0, 0, 0, 8, 4, 36
"/Users/tatsuyakondo/Documents/SALTO/cineTrack/start-dev.sh", "Shell Script", 0, 0, 0, 32, 0, 0, 0, 0, 0, 0, 0, 0, 10, 13, 55
"Total", "-", 197, 140, 11202, 32, 7, 2, 10, 8992, 191, 18670, 45, 20, 1436, 4056, 45000